Node-Depth,0,1,2,3,4,5,6
D0,NA,NA,NA,NA,0.9963849895811148,NA,0.9874451481615946
D1,NA,NA,NA,NA,NA,NA,1
D0,NA,NA,NA,NA,-0.6655574043261232,NA,0.997595118952506
D1,NA,NA,NA,NA,1,NA,NA
D2,NA,NA,NA,NA,0.9999989986993116,NA,-0.998003992015968
